student_id,age,gender,academic_level,country,avg_daily_usage_hours,most_used_platform,affects_academic_performance,sleep_hours_per_night,mental_health_score,relationship_status,conflicts_over_social_media,addicted_score,risk_cluster
1,19,Female,Undergraduate,Bangladesh,5.2,Instagram,Yes,6.5,6,In Relationship,3,8,1
2,22,Male,Graduate,India,2.1,Twitter,No,7.5,8,Single,0,3,0
3,20,Female,Undergraduate,USA,6.0,TikTok,Yes,5.0,5,Complicated,4,9,2
4,18,Male,High School,UK,3.0,YouTube,No,7.0,7,Single,1,4,0
5,21,Male,Graduate,Canada,4.5,Facebook,Yes,6.0,6,In Relationship,2,7,1
6,19,Female,Undergraduate,Australia,7.2,Instagram,Yes,4.5,4,Complicated,5,9,2
7,23,Male,Graduate,Germany,1.5,LinkedIn,No,8.0,9,Single,0,2,0
8,20,Female,Undergraduate,Brazil,5.8,Snapchat,Yes,6.0,6,In Relationship,2,8,1
9,18,Male,High School,Japan,4.0,TikTok,No,6.5,7,Single,1,5,0
10,21,Female,Graduate,South Korea,3.3,Instagram,No,7.0,7,In Relationship,1,4,0
11,19,Male,Undergraduate,France,4.8,Snapchat,Yes,6.2,5,Complicated,3,7,1
12,20,Female,Undergraduate,Spain,5.5,TikTok,Yes,5.8,6,In Relationship,2,8,1
13,22,Male,Graduate,Italy,2.8,LinkedIn,No,7.2,8,Single,1,4,0
14,18,Female,High School,Mexico,6.5,Instagram,Yes,5.5,5,Single,4,9,2
15,21,Male,Undergraduate,Russia,3.7,YouTube,No,6.8,7,In Relationship,2,5,0
16,20,Female,Undergraduate,China,4.2,TikTok,Yes,6.0,6,Complicated,3,7,1
17,24,Male,Graduate,Sweden,2.0,LinkedIn,No,7.8,8,Single,0,3,0
18,19,Female,High School,Norway,5.0,Instagram,Yes,5.7,5,In Relationship,3,8,1
19,21,Male,Undergraduate,Denmark,3.5,Facebook,No,6.7,7,Single,1,5,0
20,20,Female,Undergraduate,Netherlands,4.7,Snapchat,Yes,5.9,6,Complicated,3,7,1
21,18,Male,High School,Belgium,5.3,TikTok,Yes,5.5,5,Single,4,8,1
22,23,Female,Graduate,Switzerland,2.5,LinkedIn,No,7.3,8,In Relationship,1,4,0
23,19,Male,Undergraduate,Austria,4.9,Instagram,Yes,5.8,6,Complicated,3,7,1
24,20,Female,Undergraduate,Portugal,5.7,TikTok,Yes,5.4,5,Single,4,8,2
25,22,Male,Graduate,Greece,3.2,Facebook,No,6.9,7,In Relationship,2,5,0
26,19,Female,High School,Ireland,6.1,Instagram,Yes,5.2,5,Complicated,4,9,2
27,21,Male,Undergraduate,New Zealand,3.8,YouTube,No,6.6,7,Single,1,5,0
28,20,Female,Undergraduate,Singapore,4.4,TikTok,Yes,5.9,6,In Relationship,3,7,1
29,24,Male,Graduate,Malaysia,2.2,LinkedIn,No,7.4,8,Single,0,3,0
30,19,Female,High School,Thailand,5.9,Instagram,Yes,5.3,5,Complicated,4,8,2
31,21,Male,Undergraduate,Vietnam,3.6,Facebook,No,6.7,7,Single,1,5,0
32,20,Female,Undergraduate,Philippines,4.8,Snapchat,Yes,5.7,6,In Relationship,3,7,1
33,18,Male,High School,Indonesia,5.4,TikTok,Yes,5.4,5,Complicated,4,8,2
34,23,Female,Graduate,Taiwan,2.6,LinkedIn,No,7.2,8,Single,1,4,0
35,19,Male,Undergraduate,Hong Kong,4.7,Instagram,Yes,5.8,6,In Relationship,3,7,1
36,20,Female,Undergraduate,Turkey,5.6,TikTok,Yes,5.5,5,Complicated,4,8,2
37,22,Male,Graduate,Israel,3.1,Facebook,No,6.8,7,Single,1,5,0
38,19,Female,High School,UAE,6.2,Instagram,Yes,5.1,5,In Relationship,4,9,2
39,21,Male,Undergraduate,Egypt,3.9,YouTube,No,6.5,7,Complicated,2,6,0
40,20,Female,Undergraduate,Morocco,4.5,TikTok,Yes,5.8,6,Single,3,7,1
41,24,Male,Graduate,South Africa,2.3,LinkedIn,No,7.3,8,In Relationship,1,4,0
42,19,Female,High School,Nigeria,5.8,Instagram,Yes,5.4,5,Complicated,4,8,2
43,21,Male,Undergraduate,Kenya,3.7,Facebook,No,6.6,7,Single,2,5,0
44,20,Female,Undergraduate,Ghana,4.6,Snapchat,Yes,5.7,6,In Relationship,3,7,1
45,18,Male,High School,Argentina,5.5,TikTok,Yes,5.3,5,Single,4,8,2
46,23,Female,Graduate,Chile,2.7,LinkedIn,No,7.1,8,Complicated,1,4,0
47,19,Male,Undergraduate,Colombia,4.8,Instagram,Yes,5.9,6,In Relationship,3,7,1
48,20,Female,Undergraduate,Peru,5.5,TikTok,Yes,5.6,5,Single,4,8,2
49,22,Male,Graduate,Venezuela,3.3,Facebook,No,6.7,7,In Relationship,2,5,0
50,19,Female,High School,Ecuador,6.3,Instagram,Yes,5.2,5,Complicated,4,9,2
51,21,Male,Undergraduate,Uruguay,3.8,YouTube,No,6.4,7,Single,2,6,0
52,20,Female,Undergraduate,Paraguay,4.7,TikTok,Yes,5.8,6,In Relationship,3,7,1
53,24,Male,Graduate,Bolivia,2.4,LinkedIn,No,7.2,8,Complicated,1,4,0
54,19,Female,High School,Costa Rica,5.7,Instagram,Yes,5.5,5,Single,4,8,2
55,21,Male,Undergraduate,Panama,3.6,Facebook,No,6.5,7,In Relationship,2,5,0
56,20,Female,Undergraduate,Jamaica,4.9,Snapchat,Yes,5.6,6,Complicated,3,7,1
57,18,Male,High School,Trinidad,5.6,TikTok,Yes,5.2,5,Single,4,8,2
58,23,Female,Graduate,Bahamas,2.8,LinkedIn,No,7.0,8,In Relationship,1,4,0
59,19,Male,Undergraduate,Iceland,4.6,Instagram,Yes,5.9,6,Complicated,3,7,1
60,20,Female,Undergraduate,Finland,5.4,TikTok,Yes,5.7,5,Single,4,8,2
61,22,Male,Graduate,Poland,3.1,Facebook,No,7.1,7,Single,1,5,0
62,19,Female,Undergraduate,Romania,5.6,Instagram,Yes,5.6,5,In Relationship,3,8,2
63,20,Male,Undergraduate,Hungary,4.2,TikTok,Yes,6.0,6,Complicated,3,7,1
64,18,Female,High School,Czech Republic,6.1,Snapchat,Yes,5.2,4,Single,4,9,2
65,23,Male,Graduate,Slovakia,2.3,LinkedIn,No,7.4,8,In Relationship,1,3,0
66,21,Female,Undergraduate,Croatia,4.8,Instagram,Yes,5.8,6,Single,3,7,1
67,20,Male,Undergraduate,Serbia,3.9,YouTube,No,6.5,7,Complicated,2,6,0
68,19,Female,High School,Slovenia,5.7,TikTok,Yes,5.4,5,In Relationship,4,8,2
69,22,Male,Graduate,Bulgaria,2.8,LinkedIn,No,7.2,8,Single,1,4,0
70,20,Female,Undergraduate,Estonia,4.5,Instagram,Yes,5.9,6,Complicated,3,7,1
71,18,Male,High School,Latvia,5.4,Snapchat,Yes,5.5,5,Single,4,8,2
72,21,Female,Graduate,Lithuania,3.2,Facebook,No,6.8,7,In Relationship,2,5,0
73,19,Male,Undergraduate,Ukraine,4.9,TikTok,Yes,5.7,6,Complicated,3,7,1
74,20,Female,Undergraduate,Moldova,5.8,Instagram,Yes,5.3,5,Single,4,8,2
75,23,Male,Graduate,Belarus,2.5,LinkedIn,No,7.3,8,In Relationship,1,4,0
76,21,Female,Undergraduate,Kazakhstan,4.6,Snapchat,Yes,5.8,6,Single,3,7,1
77,19,Male,High School,Uzbekistan,5.5,TikTok,Yes,5.4,5,Complicated,4,8,2
78,22,Female,Graduate,Kyrgyzstan,2.9,Facebook,No,7.0,7,In Relationship,2,5,0
79,20,Male,Undergraduate,Tajikistan,4.7,YouTube,Yes,5.9,6,Single,3,7,1
80,18,Female,High School,Armenia,5.9,Instagram,Yes,5.2,5,Complicated,4,9,2
81,21,Male,Graduate,Georgia,3.0,LinkedIn,No,7.1,8,In Relationship,1,4,0
82,19,Female,Undergraduate,Azerbaijan,4.8,TikTok,Yes,5.7,6,Single,3,7,1
83,20,Male,Undergraduate,Cyprus,3.8,Facebook,No,6.6,7,Complicated,2,6,0
84,22,Female,Graduate,Malta,2.7,LinkedIn,No,7.2,8,In Relationship,1,4,0
85,18,Male,High School,Luxembourg,5.6,Snapchat,Yes,5.3,5,Single,4,8,2
86,21,Female,Undergraduate,Monaco,4.5,Instagram,Yes,5.8,6,Complicated,3,7,1
87,19,Male,High School,Andorra,5.3,TikTok,Yes,5.5,5,In Relationship,4,8,1
88,23,Female,Graduate,San Marino,2.6,LinkedIn,No,7.3,8,Single,1,4,0
89,20,Male,Undergraduate,Vatican City,4.4,YouTube,Yes,6.0,6,Complicated,3,7,1
90,18,Female,High School,Liechtenstein,5.8,Instagram,Yes,5.2,5,Single,4,9,2
91,22,Male,Graduate,Montenegro,2.9,Facebook,No,7.0,7,In Relationship,2,5,0
92,19,Female,Undergraduate,Albania,4.7,TikTok,Yes,5.8,6,Complicated,3,7,1
93,21,Male,Undergraduate,North Macedonia,3.7,Snapchat,No,6.5,7,Single,2,6,0
94,20,Female,High School,Kosovo,5.5,Instagram,Yes,5.4,5,In Relationship,4,8,2
95,23,Male,Graduate,Bosnia,2.4,LinkedIn,No,7.4,8,Complicated,1,4,0
96,19,Female,Undergraduate,Qatar,4.9,TikTok,Yes,5.7,6,Single,3,7,1
97,18,Male,High School,Kuwait,5.7,Snapchat,Yes,5.3,5,In Relationship,4,8,2
98,22,Female,Graduate,Bahrain,2.8,LinkedIn,No,7.1,8,Complicated,1,4,0
99,20,Male,Undergraduate,Oman,4.6,Instagram,Yes,5.9,6,Single,3,7,1
100,21,Female,Undergraduate,Jordan,5.4,TikTok,Yes,5.5,5,In Relationship,4,8,2
101,19,Male,High School,Lebanon,5.8,YouTube,Yes,5.2,5,Complicated,4,9,2
102,23,Female,Graduate,Iraq,2.5,LinkedIn,No,7.3,8,Single,1,4,0
103,20,Male,Undergraduate,Yemen,4.7,Facebook,Yes,5.8,6,In Relationship,3,7,1
104,18,Female,High School,Syria,5.6,Instagram,Yes,5.4,5,Single,4,8,2
105,22,Male,Graduate,Afghanistan,2.9,LinkedIn,No,7.0,7,Complicated,2,5,0
106,19,Female,Undergraduate,Pakistan,4.8,TikTok,Yes,5.7,6,In Relationship,3,7,1
107,21,Male,Undergraduate,Nepal,3.8,YouTube,No,6.6,7,Single,2,6,0
108,20,Female,High School,Bhutan,5.5,Snapchat,Yes,5.5,5,Complicated,4,8,2
109,23,Male,Graduate,Sri Lanka,2.6,LinkedIn,No,7.2,8,In Relationship,1,4,0
110,19,Female,Undergraduate,Maldives,4.9,Instagram,Yes,5.8,6,Single,3,7,1
111,20,Male,Undergraduate,Bangladesh,6.1,Instagram,Yes,6.2,5,Single,4,8,2
112,21,Female,Undergraduate,India,5.8,TikTok,Yes,5.9,6,In Relationship,3,7,1
113,19,Male,Undergraduate,Nepal,4.9,Facebook,No,7.1,7,Single,2,5,0
114,22,Female,Graduate,Pakistan,5.5,Instagram,Yes,6.0,5,Single,4,8,2
115,20,Male,Undergraduate,Sri Lanka,5.2,TikTok,Yes,6.3,6,In Relationship,3,7,1
116,19,Female,Undergraduate,Maldives,4.8,Instagram,No,7.2,8,Single,2,5,0
117,21,Male,Graduate,Bangladesh,6.0,Facebook,Yes,5.8,5,In Relationship,4,8,2
118,20,Female,Undergraduate,India,5.7,Instagram,Yes,6.1,6,Single,3,7,1
119,22,Male,Graduate,Nepal,4.7,TikTok,No,7.3,7,Single,2,5,0
120,19,Female,Undergraduate,Pakistan,5.4,Instagram,Yes,6.2,5,In Relationship,4,8,2
121,20,Male,Undergraduate,Sri Lanka,5.9,Facebook,Yes,5.9,6,Single,3,7,1
122,21,Female,Graduate,Maldives,4.6,Instagram,No,7.4,8,In Relationship,2,5,0
123,19,Male,Undergraduate,Bangladesh,5.3,TikTok,Yes,6.3,5,Single,4,8,1
124,22,Female,Graduate,India,5.8,Instagram,Yes,5.8,6,In Relationship,3,7,1
125,20,Male,Undergraduate,Nepal,4.5,Facebook,No,7.5,7,Single,2,5,0
126,21,Female,Graduate,Pakistan,5.2,Instagram,Yes,6.4,5,In Relationship,4,8,1
127,19,Male,Undergraduate,Sri Lanka,5.7,TikTok,Yes,5.7,6,Single,3,7,1
128,20,Female,Undergraduate,Maldives,4.4,Instagram,No,7.6,8,In Relationship,2,5,0
129,22,Male,Graduate,Bangladesh,5.1,Facebook,Yes,6.5,5,Single,4,8,1
130,21,Female,Graduate,India,5.6,Instagram,Yes,5.6,6,In Relationship,3,7,1
131,19,Male,Undergraduate,Nepal,4.3,TikTok,No,7.7,7,Single,2,5,0
132,20,Female,Undergraduate,Pakistan,5.0,Instagram,Yes,6.6,5,In Relationship,4,8,1
133,22,Male,Graduate,Sri Lanka,5.5,Facebook,Yes,5.5,6,Single,3,7,1
134,21,Female,Graduate,Maldives,4.2,Instagram,No,7.8,8,In Relationship,2,5,0
135,19,Male,Undergraduate,Bangladesh,4.9,TikTok,Yes,6.7,5,Single,4,8,1
136,20,Female,Undergraduate,India,5.4,Instagram,Yes,5.4,6,In Relationship,3,7,1
137,22,Male,Graduate,Nepal,4.1,Facebook,No,7.9,7,Single,2,5,0
138,21,Female,Graduate,Pakistan,4.8,Instagram,Yes,6.8,5,In Relationship,4,8,1
139,19,Male,Undergraduate,Sri Lanka,5.3,TikTok,Yes,5.3,6,Single,3,7,1
140,20,Female,Undergraduate,Maldives,4.0,Instagram,No,8.0,8,In Relationship,2,5,0
141,22,Male,Graduate,Bangladesh,4.7,Facebook,Yes,6.9,5,Single,4,8,1
142,21,Female,Graduate,India,5.2,Instagram,Yes,5.2,6,In Relationship,3,7,1
143,19,Male,Undergraduate,Nepal,3.9,TikTok,No,8.1,7,Single,2,5,0
144,20,Female,Undergraduate,Pakistan,4.6,Instagram,Yes,7.0,5,In Relationship,4,8,1
145,22,Male,Graduate,Sri Lanka,5.1,Facebook,Yes,5.1,6,Single,3,7,1
146,21,Female,Graduate,Maldives,3.8,Instagram,No,8.2,8,In Relationship,2,5,0
147,19,Male,Undergraduate,Bangladesh,4.5,TikTok,Yes,7.1,5,Single,4,8,1
148,20,Female,Undergraduate,India,5.0,Instagram,Yes,5.0,6,In Relationship,3,7,1
149,22,Male,Graduate,Nepal,3.7,Facebook,No,8.3,7,Single,2,5,0
150,21,Female,Graduate,Pakistan,4.4,Instagram,Yes,7.2,5,In Relationship,4,8,1
151,19,Male,Undergraduate,Sri Lanka,4.9,TikTok,Yes,4.9,6,Single,3,7,1
152,20,Female,Undergraduate,Maldives,3.6,Instagram,No,8.4,8,In Relationship,2,5,0
153,22,Male,Graduate,Bangladesh,4.3,Facebook,Yes,7.3,5,Single,4,8,1
154,21,Female,Graduate,India,4.8,Instagram,Yes,4.8,6,In Relationship,3,7,1
155,19,Male,Undergraduate,Nepal,3.5,TikTok,No,8.5,7,Single,2,5,0
156,20,Female,Undergraduate,Pakistan,4.2,Instagram,Yes,7.4,5,In Relationship,4,8,1
157,22,Male,Graduate,Sri Lanka,4.7,Facebook,Yes,4.7,6,Single,3,7,1
158,21,Female,Graduate,Maldives,3.4,Instagram,No,8.6,8,In Relationship,2,5,0
159,19,Male,Undergraduate,Bangladesh,4.1,TikTok,Yes,7.5,5,Single,4,8,1
160,20,Female,Undergraduate,India,4.6,Instagram,Yes,4.6,6,In Relationship,3,7,1
161,19,Female,Undergraduate,Bangladesh,5.3,Instagram,Yes,6.1,5,Single,3,7,1
162,21,Male,Graduate,India,4.8,Facebook,No,7.2,7,In Relationship,2,6,0
163,20,Female,Undergraduate,Nepal,5.5,TikTok,Yes,5.9,6,Single,4,8,1
164,22,Male,Graduate,Pakistan,4.7,Instagram,Yes,6.3,5,In Relationship,3,7,1
165,19,Female,Undergraduate,Sri Lanka,5.1,Facebook,No,7.0,7,Single,2,5,0
166,21,Male,Graduate,Maldives,5.4,TikTok,Yes,6.0,6,In Relationship,4,8,1
167,20,Female,Undergraduate,Bangladesh,4.9,Instagram,Yes,6.4,5,Single,3,7,1
168,22,Male,Graduate,India,5.2,Facebook,No,7.1,7,In Relationship,2,6,1
169,19,Female,Undergraduate,Nepal,5.6,TikTok,Yes,5.8,6,Single,4,8,1
170,21,Male,Graduate,Pakistan,4.6,Instagram,Yes,6.5,5,In Relationship,3,7,1
171,20,Female,Undergraduate,Sri Lanka,5.0,Facebook,No,7.3,7,Single,2,5,0
172,22,Male,Graduate,Maldives,5.3,TikTok,Yes,5.7,6,In Relationship,4,8,1
173,19,Female,Undergraduate,Bangladesh,4.8,Instagram,Yes,6.6,5,Single,3,7,1
174,21,Male,Graduate,India,5.1,Facebook,No,7.4,7,In Relationship,2,6,1
175,20,Female,Undergraduate,Nepal,5.7,TikTok,Yes,5.6,6,Single,4,8,1
176,22,Male,Graduate,Pakistan,4.5,Instagram,Yes,6.7,5,In Relationship,3,7,1
177,19,Female,Undergraduate,Sri Lanka,4.9,Facebook,No,7.5,7,Single,2,5,0
178,21,Male,Graduate,Maldives,5.2,TikTok,Yes,5.5,6,In Relationship,4,8,1
179,20,Female,Undergraduate,Bangladesh,4.7,Instagram,Yes,6.8,5,Single,3,7,1
180,22,Male,Graduate,India,5.0,Facebook,No,7.6,7,In Relationship,2,6,1
181,19,Female,Undergraduate,Nepal,5.8,TikTok,Yes,5.4,6,Single,4,8,1
182,21,Male,Graduate,Pakistan,4.4,Instagram,Yes,6.9,5,In Relationship,3,7,1
183,20,Female,Undergraduate,Sri Lanka,4.8,Facebook,No,7.7,7,Single,2,5,0
184,22,Male,Graduate,Maldives,5.1,TikTok,Yes,5.3,6,In Relationship,4,8,1
185,19,Female,Undergraduate,Bangladesh,4.6,Instagram,Yes,7.0,5,Single,3,7,1
186,21,Male,Graduate,India,4.9,Facebook,No,7.8,7,In Relationship,2,6,0
187,20,Female,Undergraduate,Nepal,5.9,TikTok,Yes,5.2,6,Single,4,8,1
188,22,Male,Graduate,Pakistan,4.3,Instagram,Yes,7.1,5,In Relationship,3,7,1
189,19,Female,Undergraduate,Sri Lanka,4.7,Facebook,No,7.9,7,Single,2,5,0
190,21,Male,Graduate,Maldives,5.0,TikTok,Yes,5.1,6,In Relationship,4,8,1
191,20,Female,Undergraduate,Bangladesh,4.5,Instagram,Yes,7.2,5,Single,3,7,1
192,22,Male,Graduate,India,4.8,Facebook,No,8.0,7,In Relationship,2,6,0
193,19,Female,Undergraduate,Nepal,6.0,TikTok,Yes,5.0,6,Single,4,8,1
194,21,Male,Graduate,Pakistan,4.2,Instagram,Yes,7.3,5,In Relationship,3,7,1
195,20,Female,Undergraduate,Sri Lanka,4.6,Facebook,No,8.1,7,Single,2,5,0
196,22,Male,Graduate,Maldives,4.9,TikTok,Yes,4.9,6,In Relationship,4,8,1
197,19,Female,Undergraduate,Bangladesh,4.4,Instagram,Yes,7.4,5,Single,3,7,1
198,21,Male,Graduate,India,4.7,Facebook,No,8.2,7,In Relationship,2,6,0
199,20,Female,Undergraduate,Nepal,6.1,TikTok,Yes,4.8,6,Single,4,8,1
200,22,Male,Graduate,Pakistan,4.1,Instagram,Yes,7.5,5,In Relationship,3,7,1
201,19,Female,Undergraduate,Sri Lanka,4.5,Facebook,No,8.3,7,Single,2,5,0
202,21,Male,Graduate,Maldives,4.8,TikTok,Yes,4.7,6,In Relationship,4,8,1
203,20,Female,Undergraduate,Bangladesh,4.3,Instagram,Yes,7.6,5,Single,3,7,1
204,22,Male,Graduate,India,4.6,Facebook,No,8.4,7,In Relationship,2,6,0
205,19,Female,Undergraduate,Nepal,6.2,TikTok,Yes,4.6,6,Single,4,8,2
206,21,Male,Graduate,Pakistan,4.0,Instagram,Yes,7.7,5,In Relationship,3,7,1
207,20,Female,Undergraduate,Sri Lanka,4.4,Facebook,No,8.5,7,Single,2,5,0
208,22,Male,Graduate,Maldives,4.7,TikTok,Yes,4.5,6,In Relationship,4,8,1
209,19,Female,Undergraduate,Bangladesh,4.2,Instagram,Yes,7.8,5,Single,3,7,1
210,21,Male,Graduate,India,4.5,Facebook,No,8.6,7,In Relationship,2,6,0
211,20,Female,Undergraduate,Nepal,6.3,TikTok,Yes,4.4,6,Single,4,8,2
212,22,Male,Graduate,Pakistan,3.9,Instagram,Yes,7.9,5,In Relationship,3,7,1
213,19,Female,Undergraduate,Sri Lanka,4.3,Facebook,No,8.7,7,Single,2,5,0
214,21,Male,Graduate,Maldives,4.6,TikTok,Yes,4.3,6,In Relationship,4,8,1
215,20,Female,Undergraduate,Bangladesh,4.1,Instagram,Yes,8.0,5,Single,3,7,1
216,22,Male,Graduate,India,4.4,Facebook,No,8.8,7,In Relationship,2,6,0
217,19,Female,Undergraduate,Nepal,6.4,TikTok,Yes,4.2,6,Single,4,8,2
218,21,Male,Graduate,Pakistan,3.8,Instagram,Yes,8.1,5,In Relationship,3,7,1
219,20,Female,Undergraduate,Sri Lanka,4.2,Facebook,No,8.9,7,Single,2,5,0
220,22,Male,Graduate,Maldives,4.5,TikTok,Yes,4.1,6,In Relationship,4,8,1
221,19,Female,Undergraduate,USA,6.5,Instagram,Yes,6.0,5,Single,4,9,2
222,21,Male,Graduate,UK,5.8,TikTok,Yes,6.5,6,In Relationship,3,7,1
223,20,Female,Undergraduate,Australia,4.5,Instagram,No,7.5,8,Single,2,5,0
224,22,Male,Graduate,Germany,4.2,Facebook,No,7.8,7,In Relationship,2,4,0
225,19,Female,Undergraduate,Japan,3.8,LINE,No,7.9,8,Single,1,3,0
226,21,Male,Graduate,Italy,5.5,Instagram,Yes,6.8,6,Single,3,7,1
227,20,Female,Undergraduate,South Korea,5.2,KakaoTalk,Yes,6.5,6,In Relationship,3,6,1
228,22,Male,Graduate,Russia,4.8,VKontakte,No,7.2,7,Single,2,5,0
229,19,Female,Undergraduate,USA,7.0,TikTok,Yes,5.8,4,In Relationship,4,9,2
230,21,Male,Graduate,UK,5.5,Instagram,Yes,6.7,6,Single,3,7,1
231,20,Female,Undergraduate,Australia,4.7,Facebook,No,7.4,7,In Relationship,2,5,0
232,22,Male,Graduate,Germany,4.0,Instagram,No,7.9,8,Single,1,4,0
233,19,Female,Undergraduate,Japan,3.5,LINE,No,8.0,8,Single,1,3,0
234,21,Male,Graduate,Italy,5.7,TikTok,Yes,6.5,5,In Relationship,3,8,2
235,20,Female,Undergraduate,South Korea,5.0,KakaoTalk,Yes,6.8,6,Single,3,6,1
236,22,Male,Graduate,Russia,4.5,VKontakte,No,7.4,7,In Relationship,2,5,0
237,19,Female,Undergraduate,USA,6.8,Instagram,Yes,5.9,4,Single,4,9,2
238,21,Male,Graduate,UK,5.6,Facebook,Yes,6.6,6,In Relationship,3,7,1
239,20,Female,Undergraduate,Australia,4.6,Instagram,No,7.3,7,Single,2,5,0
240,22,Male,Graduate,Germany,4.1,Facebook,No,7.7,8,In Relationship,2,4,0
241,19,Female,Undergraduate,Japan,3.7,LINE,No,7.8,8,Single,1,3,0
242,21,Male,Graduate,Italy,5.4,Instagram,Yes,6.7,5,Single,3,7,1
243,20,Female,Undergraduate,South Korea,5.1,KakaoTalk,Yes,6.6,6,In Relationship,3,6,1
244,22,Male,Graduate,Russia,4.7,VKontakte,No,7.3,7,Single,2,5,0
245,19,Female,Undergraduate,USA,6.9,TikTok,Yes,5.7,4,In Relationship,4,9,2
246,21,Male,Graduate,UK,5.7,Instagram,Yes,6.4,6,Single,3,7,1
247,20,Female,Undergraduate,Australia,4.8,Facebook,No,7.2,7,In Relationship,2,5,0
248,22,Male,Graduate,Germany,3.9,Instagram,No,7.8,8,Single,1,4,0
249,19,Female,Undergraduate,Japan,3.6,LINE,No,8.1,8,Single,1,3,0
250,21,Male,Graduate,Italy,5.6,TikTok,Yes,6.6,5,In Relationship,3,8,2
251,20,Female,Undergraduate,South Korea,4.9,KakaoTalk,Yes,6.9,6,Single,3,6,1
252,22,Male,Graduate,Russia,4.6,VKontakte,No,7.5,7,In Relationship,2,5,0
253,19,Female,Undergraduate,USA,6.7,Instagram,Yes,5.8,4,Single,4,9,2
254,21,Male,Graduate,UK,5.4,Facebook,Yes,6.5,6,In Relationship,3,7,1
255,20,Female,Undergraduate,Australia,4.4,Instagram,No,7.4,7,Single,2,5,0
256,22,Male,Graduate,Germany,4.0,Facebook,No,7.6,8,In Relationship,2,4,0
257,19,Female,Undergraduate,Japan,3.4,LINE,No,8.2,8,Single,1,3,0
258,21,Male,Graduate,Italy,5.3,Instagram,Yes,6.8,5,Single,3,7,1
259,20,Female,Undergraduate,South Korea,5.0,KakaoTalk,Yes,6.7,6,In Relationship,3,6,1
260,22,Male,Graduate,Russia,4.4,VKontakte,No,7.6,7,Single,2,5,0
261,19,Female,Undergraduate,USA,6.6,TikTok,Yes,5.6,4,In Relationship,4,9,2
262,21,Male,Graduate,UK,5.3,Instagram,Yes,6.3,6,Single,3,7,1
263,20,Female,Undergraduate,Australia,4.3,Facebook,No,7.5,7,In Relationship,2,5,0
264,22,Male,Graduate,Germany,3.8,Instagram,No,7.7,8,Single,1,4,0
265,19,Female,Undergraduate,Japan,3.3,LINE,No,8.3,8,Single,1,3,0
266,21,Male,Graduate,Italy,5.2,TikTok,Yes,6.9,5,In Relationship,3,8,1
267,20,Female,Undergraduate,South Korea,4.8,KakaoTalk,Yes,7.0,6,Single,3,6,1
268,22,Male,Graduate,Russia,4.3,VKontakte,No,7.7,7,In Relationship,2,5,0
269,19,Female,Undergraduate,USA,6.4,Instagram,Yes,5.7,4,Single,4,9,2
270,21,Male,Graduate,UK,5.2,Facebook,Yes,6.4,6,In Relationship,3,7,1
271,20,Female,Undergraduate,Australia,4.5,Instagram,No,7.3,7,Single,2,5,0
272,22,Male,Graduate,Germany,3.7,Facebook,No,7.8,8,In Relationship,1,4,0
273,19,Female,Undergraduate,Japan,3.2,LINE,No,8.4,8,Single,1,3,0
274,21,Male,Graduate,Italy,5.4,Instagram,Yes,6.7,5,Single,3,7,1
275,20,Female,Undergraduate,South Korea,4.7,KakaoTalk,Yes,7.1,6,In Relationship,3,6,1
276,22,Male,Graduate,Russia,4.2,VKontakte,No,7.8,7,Single,2,5,0
277,19,Female,Undergraduate,USA,6.6,TikTok,Yes,5.5,4,In Relationship,4,9,2
278,21,Male,Graduate,UK,5.1,Instagram,Yes,6.5,6,Single,3,7,1
279,20,Female,Undergraduate,Australia,4.4,Facebook,No,7.4,7,In Relationship,2,5,0
280,22,Male,Graduate,Germany,3.6,Instagram,No,7.9,8,Single,1,4,0
281,19,Female,Undergraduate,Japan,3.1,LINE,No,8.5,8,Single,1,3,0
282,21,Male,Graduate,Italy,5.3,TikTok,Yes,6.8,5,In Relationship,3,8,1
283,20,Female,Undergraduate,South Korea,4.6,KakaoTalk,Yes,7.2,6,Single,3,6,1
284,22,Male,Graduate,Russia,4.1,VKontakte,No,7.9,7,In Relationship,2,5,0
285,19,Female,Undergraduate,USA,6.7,Instagram,Yes,5.4,4,Single,4,9,2
286,21,Male,Graduate,UK,5.0,Facebook,Yes,6.6,6,In Relationship,3,7,1
287,20,Female,Undergraduate,Australia,4.3,Instagram,No,7.5,7,Single,2,5,0
288,22,Male,Graduate,Germany,3.5,Facebook,No,8.0,8,In Relationship,1,4,0
289,19,Female,Undergraduate,Japan,3.0,LINE,No,8.6,8,Single,1,3,0
290,21,Male,Graduate,Italy,5.2,Instagram,Yes,6.9,5,Single,3,7,1
291,20,Female,Undergraduate,South Korea,4.5,KakaoTalk,Yes,7.3,6,In Relationship,3,6,1
292,22,Male,Graduate,Russia,4.0,VKontakte,No,8.0,7,Single,2,5,0
293,19,Female,Undergraduate,USA,6.8,TikTok,Yes,5.3,4,In Relationship,4,9,2
294,21,Male,Graduate,UK,4.9,Instagram,Yes,6.7,6,Single,3,7,1
295,20,Female,Undergraduate,Australia,4.2,Facebook,No,7.6,7,In Relationship,2,5,0
296,22,Male,Graduate,Germany,3.4,Instagram,No,8.1,8,Single,1,4,0
297,19,Female,Undergraduate,Japan,2.9,LINE,No,8.7,8,Single,1,3,0
298,21,Male,Graduate,Italy,5.1,TikTok,Yes,7.0,5,In Relationship,3,8,1
299,20,Female,Undergraduate,South Korea,4.4,KakaoTalk,Yes,7.4,6,Single,3,6,1
300,22,Male,Graduate,Russia,3.9,VKontakte,No,8.1,7,In Relationship,2,5,0
301,19,Female,Undergraduate,USA,6.9,Instagram,Yes,5.2,4,Single,4,9,2
302,21,Male,Graduate,UK,4.8,Facebook,Yes,6.8,6,In Relationship,3,7,1
303,20,Female,Undergraduate,Australia,4.1,Instagram,No,7.7,7,Single,2,5,0
304,22,Male,Graduate,Germany,3.3,Facebook,No,8.2,8,In Relationship,1,4,0
305,19,Female,Undergraduate,Japan,2.8,LINE,No,8.8,8,Single,1,3,0
306,21,Male,Graduate,Italy,5.0,Instagram,Yes,7.1,5,Single,3,7,1
307,20,Female,Undergraduate,South Korea,4.3,KakaoTalk,Yes,7.5,6,In Relationship,3,6,1
308,22,Male,Graduate,Russia,3.8,VKontakte,No,8.2,7,Single,2,5,0
309,19,Female,Undergraduate,USA,7.0,TikTok,Yes,5.1,4,In Relationship,4,9,2
310,21,Male,Graduate,UK,4.7,Instagram,Yes,6.9,6,Single,3,7,1
311,20,Female,Undergraduate,Australia,4.0,Facebook,No,7.8,7,In Relationship,2,5,0
312,22,Male,Graduate,Germany,3.2,Instagram,No,8.3,8,Single,1,4,0
313,19,Female,Undergraduate,Japan,2.7,LINE,No,8.9,8,Single,1,3,0
314,21,Male,Graduate,Italy,4.9,TikTok,Yes,7.2,5,In Relationship,3,8,1
315,20,Female,Undergraduate,South Korea,4.2,KakaoTalk,Yes,7.6,6,Single,3,6,1
316,22,Male,Graduate,Russia,3.7,VKontakte,No,8.3,7,In Relationship,2,5,0
317,19,Female,Undergraduate,USA,7.1,Instagram,Yes,5.0,4,Single,4,9,2
318,21,Male,Graduate,UK,4.6,Facebook,Yes,7.0,6,In Relationship,3,7,1
319,20,Female,Undergraduate,Australia,3.9,Instagram,No,7.9,7,Single,2,5,0
320,22,Male,Graduate,Germany,3.1,Facebook,No,8.4,8,In Relationship,1,4,0
321,19,Female,Undergraduate,Spain,5.2,Instagram,Yes,6.8,6,Single,3,7,1
322,21,Male,Graduate,Denmark,4.1,Facebook,No,7.8,8,In Relationship,2,4,0
323,20,Female,Undergraduate,Ireland,5.0,Instagram,Yes,7.0,7,Single,3,6,1
324,22,Male,Graduate,India,5.8,WhatsApp,Yes,6.5,5,In Relationship,4,8,2
325,19,Female,Undergraduate,Switzerland,4.0,Instagram,No,7.9,8,Single,2,4,0
326,21,Male,Graduate,Turkey,5.5,Instagram,Yes,6.7,6,Single,3,7,1
327,20,Female,Undergraduate,USA,6.8,TikTok,Yes,5.5,5,In Relationship,4,9,2
328,22,Male,Graduate,Mexico,5.6,WhatsApp,Yes,6.6,6,Single,3,7,1
329,19,Female,Undergraduate,France,4.5,Instagram,No,7.5,7,In Relationship,2,5,0
330,21,Male,Graduate,Canada,5.3,Instagram,Yes,6.9,6,Single,3,7,1
331,20,Female,Undergraduate,Spain,5.1,TikTok,Yes,6.7,6,Single,3,7,1
332,22,Male,Graduate,Denmark,3.9,Facebook,No,7.9,8,In Relationship,2,4,0
333,19,Female,Undergraduate,Ireland,4.8,Instagram,Yes,7.1,7,Single,3,6,0
334,21,Male,Graduate,India,5.9,WhatsApp,Yes,6.4,5,In Relationship,4,8,2
335,20,Female,Undergraduate,Switzerland,3.8,Instagram,No,8.0,8,Single,2,4,0
336,22,Male,Graduate,Turkey,5.4,TikTok,Yes,6.8,6,Single,3,7,1
337,19,Female,Undergraduate,USA,6.9,Instagram,Yes,5.4,5,In Relationship,4,9,2
338,21,Male,Graduate,Mexico,5.7,WhatsApp,Yes,6.5,6,Single,3,7,1
339,20,Female,Undergraduate,France,4.4,Instagram,No,7.6,7,In Relationship,2,5,0
340,22,Male,Graduate,Canada,5.2,TikTok,Yes,7.0,6,Single,3,7,1
341,19,Female,Undergraduate,Spain,5.0,Instagram,Yes,6.9,6,Single,3,7,1
342,21,Male,Graduate,Denmark,3.8,Facebook,No,8.0,8,In Relationship,2,4,0
343,20,Female,Undergraduate,Ireland,4.7,TikTok,Yes,7.2,7,Single,3,6,0
344,22,Male,Graduate,India,6.0,WhatsApp,Yes,6.3,5,In Relationship,4,8,2
345,19,Female,Undergraduate,Switzerland,3.7,Instagram,No,8.1,8,Single,2,4,0
346,21,Male,Graduate,Turkey,5.3,Instagram,Yes,6.9,6,Single,3,7,1
347,20,Female,Undergraduate,USA,7.0,TikTok,Yes,5.3,5,In Relationship,4,9,2
348,22,Male,Graduate,Mexico,5.8,WhatsApp,Yes,6.4,6,Single,3,7,1
349,19,Female,Undergraduate,France,4.3,Instagram,No,7.7,7,In Relationship,2,5,0
350,21,Male,Graduate,Canada,5.1,Instagram,Yes,7.1,6,Single,3,7,1
351,20,Female,Undergraduate,Spain,4.9,TikTok,Yes,7.0,6,Single,3,7,1
352,22,Male,Graduate,Denmark,3.7,Facebook,No,8.1,8,In Relationship,2,4,0
353,19,Female,Undergraduate,Ireland,4.6,Instagram,Yes,7.3,7,Single,3,6,0
354,21,Male,Graduate,India,6.1,WhatsApp,Yes,6.2,5,In Relationship,4,8,2
355,20,Female,Undergraduate,Switzerland,3.6,Instagram,No,8.2,8,Single,2,4,0
356,22,Male,Graduate,Turkey,5.2,TikTok,Yes,7.0,6,Single,3,7,1
357,19,Female,Undergraduate,USA,7.1,Instagram,Yes,5.2,5,In Relationship,4,9,2
358,21,Male,Graduate,Mexico,5.9,WhatsApp,Yes,6.3,6,Single,3,7,1
359,20,Female,Undergraduate,France,4.2,Instagram,No,7.8,7,In Relationship,2,5,0
360,22,Male,Graduate,Canada,5.0,TikTok,Yes,7.2,6,Single,3,7,1
361,19,Female,Undergraduate,Spain,4.8,Instagram,Yes,7.1,6,Single,3,7,1
362,21,Male,Graduate,Denmark,3.6,Facebook,No,8.2,8,In Relationship,2,4,0
363,20,Female,Undergraduate,Ireland,4.5,TikTok,Yes,7.4,7,Single,3,6,0
364,22,Male,Graduate,India,6.2,WhatsApp,Yes,6.1,5,In Relationship,4,8,2
365,19,Female,Undergraduate,Switzerland,3.5,Instagram,No,8.3,8,Single,2,4,0
366,21,Male,Graduate,Turkey,5.1,Instagram,Yes,7.1,6,Single,3,7,1
367,20,Female,Undergraduate,USA,7.2,TikTok,Yes,5.1,5,In Relationship,4,9,2
368,22,Male,Graduate,Mexico,6.0,WhatsApp,Yes,6.2,6,Single,3,7,1
369,19,Female,Undergraduate,France,4.1,Instagram,No,7.9,7,In Relationship,2,5,0
370,21,Male,Graduate,Canada,4.9,Instagram,Yes,7.3,6,Single,3,7,1
371,20,Female,Undergraduate,Spain,4.7,TikTok,Yes,7.2,6,Single,3,7,1
372,22,Male,Graduate,Denmark,3.5,Facebook,No,8.3,8,In Relationship,2,4,0
373,19,Female,Undergraduate,Ireland,4.4,Instagram,Yes,7.5,7,Single,3,6,0
374,21,Male,Graduate,India,6.3,WhatsApp,Yes,6.0,5,In Relationship,4,8,2
375,20,Female,Undergraduate,Switzerland,3.4,Instagram,No,8.4,8,Single,2,4,0
376,22,Male,Graduate,Turkey,5.0,TikTok,Yes,7.2,6,Single,3,7,1
377,19,Female,Undergraduate,USA,7.3,Instagram,Yes,5.0,5,In Relationship,4,9,2
378,21,Male,Graduate,Mexico,6.1,WhatsApp,Yes,6.1,6,Single,3,7,1
379,20,Female,Undergraduate,France,4.0,Instagram,No,8.0,7,In Relationship,2,5,0
380,22,Male,Graduate,Canada,4.8,TikTok,Yes,7.4,6,Single,3,7,1
381,19,Female,Undergraduate,Spain,4.6,Instagram,Yes,7.3,6,Single,3,7,1
382,21,Male,Graduate,Denmark,3.4,Facebook,No,8.4,8,In Relationship,2,4,0
383,20,Female,Undergraduate,Ireland,4.3,TikTok,Yes,7.6,7,Single,3,6,0
384,22,Male,Graduate,India,6.4,WhatsApp,Yes,5.9,5,In Relationship,4,8,2
385,19,Female,Undergraduate,Switzerland,3.3,Instagram,No,8.5,8,Single,2,4,0
386,21,Male,Graduate,Turkey,4.9,Instagram,Yes,7.3,6,Single,3,7,1
387,20,Female,Undergraduate,USA,7.4,TikTok,Yes,4.9,5,In Relationship,4,9,2
388,22,Male,Graduate,Mexico,6.2,WhatsApp,Yes,6.0,6,Single,3,7,1
389,19,Female,Undergraduate,France,3.9,Instagram,No,8.1,7,In Relationship,2,5,0
390,21,Male,Graduate,Canada,4.7,Instagram,Yes,7.5,6,Single,3,7,1
391,20,Female,Undergraduate,Spain,4.5,TikTok,Yes,7.4,6,Single,3,7,1
392,22,Male,Graduate,Denmark,3.3,Facebook,No,8.5,8,In Relationship,2,4,0
393,19,Female,Undergraduate,Ireland,4.2,Instagram,Yes,7.7,7,Single,3,6,0
394,21,Male,Graduate,India,6.5,WhatsApp,Yes,5.8,5,In Relationship,4,8,2
395,20,Female,Undergraduate,Switzerland,3.2,Instagram,No,8.6,8,Single,2,4,0
396,22,Male,Graduate,Turkey,4.8,TikTok,Yes,7.4,6,Single,3,7,1
397,19,Female,Undergraduate,USA,7.5,Instagram,Yes,4.8,5,In Relationship,4,9,2
398,21,Male,Graduate,Mexico,6.3,WhatsApp,Yes,5.9,6,Single,3,7,1
399,20,Female,Undergraduate,France,3.8,Instagram,No,8.2,7,In Relationship,2,5,0
400,22,Male,Graduate,Canada,4.6,TikTok,Yes,7.6,6,Single,3,7,1
401,19,Female,Undergraduate,Spain,4.4,Instagram,Yes,7.5,6,Single,3,7,1
402,21,Male,Graduate,Denmark,3.2,Facebook,No,8.6,8,In Relationship,2,4,0
403,20,Female,Undergraduate,Ireland,4.1,TikTok,Yes,7.8,7,Single,3,6,0
404,22,Male,Graduate,India,6.6,WhatsApp,Yes,5.7,5,In Relationship,4,8,2
405,19,Female,Undergraduate,Switzerland,3.1,Instagram,No,8.7,8,Single,2,4,0
406,21,Male,Graduate,Turkey,4.7,Instagram,Yes,7.5,6,Single,3,7,1
407,20,Female,Undergraduate,USA,7.6,TikTok,Yes,4.7,5,In Relationship,4,9,2
408,22,Male,Graduate,Mexico,6.4,WhatsApp,Yes,5.8,6,Single,3,7,1
409,19,Female,Undergraduate,France,3.7,Instagram,No,8.3,7,In Relationship,2,5,0
410,21,Male,Graduate,Canada,4.5,Instagram,Yes,7.7,6,Single,3,7,1
411,20,Female,Undergraduate,Spain,4.3,TikTok,Yes,7.6,6,Single,3,7,1
412,22,Male,Graduate,Denmark,3.1,Facebook,No,8.7,8,In Relationship,2,4,0
413,19,Female,Undergraduate,Ireland,4.0,Instagram,Yes,7.9,7,Single,3,6,0
414,21,Male,Graduate,India,6.7,WhatsApp,Yes,5.6,5,In Relationship,4,8,2
415,20,Female,Undergraduate,Switzerland,3.0,Instagram,No,8.8,8,Single,2,4,0
416,22,Male,Graduate,Turkey,4.6,TikTok,Yes,7.6,6,Single,3,7,1
417,19,Female,Undergraduate,USA,7.7,Instagram,Yes,4.6,5,In Relationship,4,9,2
418,21,Male,Graduate,Mexico,6.5,WhatsApp,Yes,5.7,6,Single,3,7,1
419,20,Female,Undergraduate,France,3.6,Instagram,No,8.4,7,In Relationship,2,5,0
420,22,Male,Graduate,Canada,4.4,TikTok,Yes,7.8,6,Single,3,7,1
421,19,Female,Undergraduate,Spain,4.2,Instagram,Yes,7.7,6,Single,3,7,1
422,21,Male,Graduate,Denmark,3.0,Facebook,No,8.8,8,In Relationship,2,4,0
423,20,Female,Undergraduate,Ireland,3.9,TikTok,Yes,8.0,7,Single,3,6,0
424,22,Male,Graduate,India,6.8,WhatsApp,Yes,5.5,5,In Relationship,4,8,2
425,19,Female,Undergraduate,Switzerland,2.9,Instagram,No,8.9,8,Single,2,4,0
426,21,Male,Graduate,Turkey,4.5,Instagram,Yes,7.7,6,Single,3,7,1
427,20,Female,Undergraduate,USA,7.8,TikTok,Yes,4.5,5,In Relationship,4,9,2
428,22,Male,Graduate,Mexico,6.6,WhatsApp,Yes,5.6,6,Single,3,7,1
429,19,Female,Undergraduate,France,3.5,Instagram,No,8.5,7,In Relationship,2,5,0
430,21,Male,Graduate,Canada,4.3,Instagram,Yes,7.9,6,Single,3,7,1
431,20,Female,Undergraduate,Spain,4.1,TikTok,Yes,7.8,6,Single,3,7,1
432,22,Male,Graduate,Denmark,2.9,Facebook,No,8.9,8,In Relationship,2,4,0
433,19,Female,Undergraduate,Ireland,3.8,Instagram,Yes,8.1,7,Single,3,6,0
434,21,Male,Graduate,India,6.9,WhatsApp,Yes,5.4,5,In Relationship,4,8,2
435,20,Female,Undergraduate,Switzerland,2.8,Instagram,No,9.0,8,Single,2,4,0
436,22,Male,Graduate,Turkey,4.4,TikTok,Yes,7.8,6,Single,3,7,1
437,19,Female,Undergraduate,USA,7.9,Instagram,Yes,4.4,5,In Relationship,4,9,2
438,21,Male,Graduate,Mexico,6.7,WhatsApp,Yes,5.5,6,Single,3,7,2
439,20,Female,Undergraduate,France,3.4,Instagram,No,8.6,7,In Relationship,2,5,0
440,22,Male,Graduate,Canada,4.2,TikTok,Yes,8.0,6,Single,3,7,1
441,19,Female,Undergraduate,Spain,4.0,Instagram,Yes,7.9,6,Single,3,7,1
442,21,Male,Graduate,Denmark,2.8,Facebook,No,9.0,8,In Relationship,2,4,0
443,20,Female,Undergraduate,Ireland,3.7,TikTok,Yes,8.2,7,Single,3,6,0
444,22,Male,Graduate,India,7.0,WhatsApp,Yes,5.3,5,In Relationship,4,8,2
445,19,Female,Undergraduate,Switzerland,2.7,Instagram,No,9.1,8,Single,2,4,0
446,21,Male,Graduate,Turkey,4.3,Instagram,Yes,7.9,6,Single,3,7,1
447,20,Female,Undergraduate,USA,8.0,TikTok,Yes,4.3,5,In Relationship,4,9,2
448,22,Male,Graduate,Mexico,6.8,WhatsApp,Yes,5.4,6,Single,3,7,2
449,19,Female,Undergraduate,France,3.3,Instagram,No,8.7,7,In Relationship,2,5,0
450,21,Male,Graduate,Canada,4.1,Instagram,Yes,8.1,6,Single,3,7,1
451,20,Female,Undergraduate,Spain,3.9,TikTok,Yes,8.0,6,Single,3,7,1
452,22,Male,Graduate,Denmark,2.7,Facebook,No,9.1,8,In Relationship,2,4,0
453,19,Female,Undergraduate,Ireland,3.6,Instagram,Yes,8.3,7,Single,3,6,0
454,21,Male,Graduate,India,7.1,WhatsApp,Yes,5.2,5,In Relationship,4,8,2
455,20,Female,Undergraduate,Switzerland,2.6,Instagram,No,9.2,8,Single,2,4,0
456,22,Male,Graduate,Turkey,4.2,TikTok,Yes,8.0,6,Single,3,7,1
457,19,Female,Undergraduate,USA,8.1,Instagram,Yes,4.2,5,In Relationship,4,9,2
458,21,Male,Graduate,Mexico,6.9,WhatsApp,Yes,5.3,6,Single,3,7,2
459,20,Female,Undergraduate,France,3.2,Instagram,No,8.8,7,In Relationship,2,5,0
460,22,Male,Graduate,Canada,4.0,TikTok,Yes,8.2,6,Single,3,7,1
461,19,Female,Undergraduate,Spain,3.8,Instagram,Yes,8.1,6,Single,3,7,1
462,21,Male,Graduate,Denmark,2.6,Facebook,No,9.2,8,In Relationship,2,4,0
463,20,Female,Undergraduate,Ireland,3.5,TikTok,Yes,8.4,7,Single,3,6,0
464,22,Male,Graduate,India,7.2,WhatsApp,Yes,5.1,5,In Relationship,4,8,2
465,19,Female,Undergraduate,Switzerland,2.5,Instagram,No,9.3,8,Single,2,4,0
466,21,Male,Graduate,Turkey,4.1,Instagram,Yes,8.1,6,Single,3,7,1
467,20,Female,Undergraduate,USA,8.2,TikTok,Yes,4.1,5,In Relationship,4,9,2
468,22,Male,Graduate,Mexico,7.0,WhatsApp,Yes,5.2,6,Single,3,7,2
469,19,Female,Undergraduate,France,3.1,Instagram,No,8.9,7,In Relationship,2,5,0
470,21,Male,Graduate,Canada,3.9,Instagram,Yes,8.3,6,Single,3,7,1
471,20,Female,Undergraduate,Spain,3.7,TikTok,Yes,8.2,6,Single,3,7,1
472,22,Male,Graduate,Denmark,2.5,Facebook,No,9.3,8,In Relationship,2,4,0
473,19,Female,Undergraduate,Ireland,3.4,Instagram,Yes,8.5,7,Single,3,6,0
474,21,Male,Graduate,India,7.3,WhatsApp,Yes,5.0,5,In Relationship,4,8,2
475,20,Female,Undergraduate,Switzerland,2.4,Instagram,No,9.4,8,Single,2,4,0
476,22,Male,Graduate,Turkey,4.0,TikTok,Yes,8.2,6,Single,3,7,1
477,19,Female,Undergraduate,USA,8.3,Instagram,Yes,4.0,5,In Relationship,4,9,2
478,21,Male,Graduate,Mexico,7.1,WhatsApp,Yes,5.1,6,Single,3,7,2
479,20,Female,Undergraduate,France,3.0,Instagram,No,9.0,7,In Relationship,2,5,0
480,22,Male,Graduate,Canada,3.8,TikTok,Yes,8.4,6,Single,3,7,1
481,19,Female,Undergraduate,Spain,3.6,Instagram,Yes,8.3,6,Single,3,7,1
482,21,Male,Graduate,Denmark,2.4,Facebook,No,9.4,8,In Relationship,2,4,0
483,20,Female,Undergraduate,Ireland,3.3,TikTok,Yes,8.6,7,Single,3,6,0
484,22,Male,Graduate,India,7.4,WhatsApp,Yes,4.9,5,In Relationship,4,8,2
485,19,Female,Undergraduate,Switzerland,2.3,Instagram,No,9.5,8,Single,2,4,0
486,21,Male,Graduate,Turkey,3.9,Instagram,Yes,8.3,6,Single,3,7,1
487,20,Female,Undergraduate,USA,8.4,TikTok,Yes,3.9,5,In Relationship,4,9,2
488,22,Male,Graduate,Mexico,7.2,WhatsApp,Yes,5.0,6,Single,3,7,2
489,19,Female,Undergraduate,France,2.9,Instagram,No,9.1,7,In Relationship,2,5,0
490,21,Male,Graduate,Canada,3.7,Instagram,Yes,8.5,6,Single,3,7,1
491,20,Female,Undergraduate,Spain,3.5,TikTok,Yes,8.4,6,Single,3,7,1
492,22,Male,Graduate,Denmark,2.3,Facebook,No,9.5,8,In Relationship,2,4,0
493,19,Female,Undergraduate,Ireland,3.2,Instagram,Yes,8.7,7,Single,3,6,0
494,21,Male,Graduate,India,7.5,WhatsApp,Yes,4.8,5,In Relationship,4,8,2
495,20,Female,Undergraduate,Switzerland,2.2,Instagram,No,9.6,8,Single,2,4,0
496,22,Male,Graduate,Turkey,3.8,TikTok,Yes,8.4,6,Single,3,7,1
497,19,Female,Undergraduate,USA,8.5,Instagram,Yes,3.8,5,In Relationship,4,9,2
498,21,Male,Graduate,Mexico,7.3,WhatsApp,Yes,4.9,6,Single,3,7,2
499,20,Female,Undergraduate,France,2.8,Instagram,No,9.2,7,In Relationship,2,5,0
500,22,Male,Graduate,Canada,3.6,TikTok,Yes,8.6,6,Single,3,7,1
501,19,Female,Undergraduate,Brazil,6.2,WhatsApp,Yes,6.3,6,Single,3,7,1
502,21,Male,Graduate,China,4.5,WeChat,No,7.8,7,In Relationship,2,5,0
503,20,Female,Undergraduate,Netherlands,3.8,Instagram,No,8.2,8,Single,2,4,0
504,22,Male,Graduate,New Zealand,4.7,Instagram,Yes,7.5,7,In Relationship,3,6,0
505,19,Female,Undergraduate,Singapore,5.1,TikTok,Yes,7.0,6,Single,3,7,1
506,21,Male,Graduate,Malaysia,5.5,WhatsApp,Yes,6.8,6,Single,3,7,1
507,20,Female,Undergraduate,UAE,6.5,Instagram,Yes,6.5,5,In Relationship,4,8,2
508,22,Male,Graduate,Poland,4.2,Facebook,No,7.9,7,Single,2,5,0
509,19,Female,Undergraduate,India,6.8,WhatsApp,Yes,6.0,5,In Relationship,4,8,2
510,21,Male,Graduate,Canada,4.8,Instagram,Yes,7.4,7,Single,3,6,0
511,20,Female,Undergraduate,Brazil,6.1,Instagram,Yes,6.4,6,Single,3,7,1
512,22,Male,Graduate,China,4.4,WeChat,No,7.9,7,In Relationship,2,5,0
513,19,Female,Undergraduate,Netherlands,3.7,TikTok,No,8.3,8,Single,2,4,0
514,21,Male,Graduate,New Zealand,4.6,Instagram,Yes,7.6,7,In Relationship,3,6,0
515,20,Female,Undergraduate,Singapore,5.2,TikTok,Yes,6.9,6,Single,3,7,1
516,22,Male,Graduate,Malaysia,5.6,WhatsApp,Yes,6.7,6,Single,3,7,1
517,19,Female,Undergraduate,UAE,6.6,Instagram,Yes,6.4,5,In Relationship,4,8,2
518,21,Male,Graduate,Poland,4.1,Facebook,No,8.0,7,Single,2,5,0
519,20,Female,Undergraduate,India,6.9,WhatsApp,Yes,5.9,5,In Relationship,4,8,2
520,22,Male,Graduate,Canada,4.7,TikTok,Yes,7.5,7,Single,3,6,0
521,19,Female,Undergraduate,Brazil,6.0,WhatsApp,Yes,6.5,6,Single,3,7,1
522,21,Male,Graduate,China,4.3,WeChat,No,8.0,7,In Relationship,2,5,0
523,20,Female,Undergraduate,Netherlands,3.6,Instagram,No,8.4,8,Single,2,4,0
524,22,Male,Graduate,New Zealand,4.5,Facebook,Yes,7.7,7,In Relationship,3,6,0
525,19,Female,Undergraduate,Singapore,5.3,TikTok,Yes,6.8,6,Single,3,7,1
526,21,Male,Graduate,Malaysia,5.7,WhatsApp,Yes,6.6,6,Single,3,7,1
527,20,Female,Undergraduate,UAE,6.7,Instagram,Yes,6.3,5,In Relationship,4,8,2
528,22,Male,Graduate,Poland,4.0,Facebook,No,8.1,7,Single,2,5,0
529,19,Female,Undergraduate,India,7.0,WhatsApp,Yes,5.8,5,In Relationship,4,8,2
530,21,Male,Graduate,Canada,4.6,Instagram,Yes,7.6,7,Single,3,6,0
531,20,Female,Undergraduate,Brazil,5.9,TikTok,Yes,6.6,6,Single,3,7,1
532,22,Male,Graduate,China,4.2,WeChat,No,8.1,7,In Relationship,2,5,0
533,19,Female,Undergraduate,Netherlands,3.5,Instagram,No,8.5,8,Single,2,4,0
534,21,Male,Graduate,New Zealand,4.4,Facebook,Yes,7.8,7,In Relationship,3,6,0
535,20,Female,Undergraduate,Singapore,5.4,TikTok,Yes,6.7,6,Single,3,7,1
536,22,Male,Graduate,Malaysia,5.8,WhatsApp,Yes,6.5,6,Single,3,7,1
537,19,Female,Undergraduate,UAE,6.8,Instagram,Yes,6.2,5,In Relationship,4,8,2
538,21,Male,Graduate,Poland,3.9,Facebook,No,8.2,7,Single,2,5,0
539,20,Female,Undergraduate,India,7.1,WhatsApp,Yes,5.7,5,In Relationship,4,8,2
540,22,Male,Graduate,Canada,4.5,TikTok,Yes,7.7,7,Single,3,6,0
541,19,Female,Undergraduate,Brazil,5.8,WhatsApp,Yes,6.7,6,Single,3,7,1
542,21,Male,Graduate,China,4.1,WeChat,No,8.2,7,In Relationship,2,5,0
543,20,Female,Undergraduate,Netherlands,3.4,Instagram,No,8.6,8,Single,2,4,0
544,22,Male,Graduate,New Zealand,4.3,Instagram,Yes,7.9,7,In Relationship,3,6,0
545,19,Female,Undergraduate,Singapore,5.5,TikTok,Yes,6.6,6,Single,3,7,1
546,21,Male,Graduate,Malaysia,5.9,WhatsApp,Yes,6.4,6,Single,3,7,1
547,20,Female,Undergraduate,UAE,6.9,Instagram,Yes,6.1,5,In Relationship,4,8,2
548,22,Male,Graduate,Poland,3.8,Facebook,No,8.3,7,Single,2,5,0
549,19,Female,Undergraduate,India,7.2,WhatsApp,Yes,5.6,5,In Relationship,4,8,2
550,21,Male,Graduate,Canada,4.4,Instagram,Yes,7.8,7,Single,3,6,0
551,20,Female,Undergraduate,Brazil,5.7,TikTok,Yes,6.8,6,Single,3,7,1
552,22,Male,Graduate,China,4.0,WeChat,No,8.3,7,In Relationship,2,5,0
553,19,Female,Undergraduate,Netherlands,3.3,Instagram,No,8.7,8,Single,2,4,0
554,21,Male,Graduate,New Zealand,4.2,Facebook,Yes,8.0,7,In Relationship,3,6,0
555,20,Female,Undergraduate,Singapore,5.6,TikTok,Yes,6.5,6,Single,3,7,1
556,22,Male,Graduate,Malaysia,6.0,WhatsApp,Yes,6.3,6,Single,3,7,1
557,19,Female,Undergraduate,UAE,7.0,Instagram,Yes,6.0,5,In Relationship,4,8,2
558,21,Male,Graduate,Poland,3.7,Facebook,No,8.4,7,Single,2,5,0
559,20,Female,Undergraduate,India,7.3,WhatsApp,Yes,5.5,5,In Relationship,4,8,2
560,22,Male,Graduate,Canada,4.3,TikTok,Yes,7.9,7,Single,3,6,0
561,19,Female,Undergraduate,Brazil,5.6,WhatsApp,Yes,6.9,6,Single,3,7,1
562,21,Male,Graduate,China,3.9,WeChat,No,8.4,7,In Relationship,2,5,0
563,20,Female,Undergraduate,Netherlands,3.2,Instagram,No,8.8,8,Single,2,4,0
564,22,Male,Graduate,New Zealand,4.1,Instagram,Yes,8.1,7,In Relationship,3,6,0
565,19,Female,Undergraduate,Singapore,5.7,TikTok,Yes,6.4,6,Single,3,7,1
566,21,Male,Graduate,Malaysia,6.1,WhatsApp,Yes,6.2,6,Single,3,7,1
567,20,Female,Undergraduate,UAE,7.1,Instagram,Yes,5.9,5,In Relationship,4,8,2
568,22,Male,Graduate,Poland,3.6,Facebook,No,8.5,7,Single,2,5,0
569,19,Female,Undergraduate,India,7.4,WhatsApp,Yes,5.4,5,In Relationship,4,8,2
570,21,Male,Graduate,Canada,4.2,Instagram,Yes,8.0,7,Single,3,6,0
571,20,Female,Undergraduate,Spain,6.1,Instagram,Yes,7.2,5,Single,4,7,2
572,23,Male,Graduate,Denmark,3.8,Twitter,No,7.8,8,In Relationship,2,4,0
573,19,Female,Undergraduate,Ireland,5.5,TikTok,Yes,6.8,6,Single,4,8,1
574,22,Male,Graduate,India,7.2,Facebook,Yes,5.9,4,Single,5,9,2
575,21,Female,Undergraduate,Switzerland,4.2,Instagram,No,7.5,7,In Relationship,2,5,0
576,24,Male,Graduate,Turkey,6.8,TikTok,Yes,6.2,5,Single,4,8,2
577,20,Female,Undergraduate,USA,5.9,Instagram,Yes,6.7,6,In Relationship,3,7,1
578,22,Male,Graduate,Mexico,6.5,Facebook,Yes,6.1,5,Single,4,8,2
579,19,Female,Undergraduate,France,4.7,Twitter,No,7.4,7,Single,2,5,0
580,23,Male,Graduate,Canada,5.2,Instagram,Yes,7.0,6,In Relationship,3,6,1
581,21,Female,Undergraduate,UK,6.3,TikTok,Yes,6.4,5,Single,4,8,2
582,24,Male,Graduate,Italy,4.9,Facebook,No,7.3,7,In Relationship,2,5,0
583,20,Female,Undergraduate,Russia,6.7,Instagram,Yes,6.0,5,Single,4,8,2
584,22,Male,Graduate,China,5.8,WeChat,Yes,6.5,6,In Relationship,3,7,1
585,19,Female,Undergraduate,Japan,4.5,Twitter,No,7.6,8,Single,2,4,0
586,23,Male,Graduate,Poland,6.4,Facebook,Yes,6.3,5,Single,4,8,2
587,21,Female,Undergraduate,Finland,4.1,Instagram,No,7.7,7,In Relationship,2,5,0
588,24,Male,Graduate,Spain,6.6,TikTok,Yes,6.2,5,Single,4,8,2
589,20,Female,Undergraduate,Denmark,4.4,Instagram,No,7.4,7,In Relationship,2,5,0
590,22,Male,Graduate,Ireland,5.7,Twitter,Yes,6.8,6,Single,3,7,1
591,19,Female,Undergraduate,India,7.0,Instagram,Yes,5.8,4,Single,5,9,2
592,23,Male,Graduate,Switzerland,4.3,Facebook,No,7.5,7,In Relationship,2,5,0
593,21,Female,Undergraduate,Turkey,6.9,TikTok,Yes,6.1,5,Single,4,8,2
594,24,Male,Graduate,USA,5.6,Instagram,Yes,6.9,6,In Relationship,3,7,1
595,20,Female,Undergraduate,Mexico,6.2,Facebook,Yes,6.3,5,Single,4,8,2
596,21,Male,Undergraduate,France,5.8,Instagram,Yes,6.7,6,Single,3,7,1
597,23,Female,Graduate,Canada,4.9,TikTok,No,7.3,7,In Relationship,2,5,0
598,20,Male,Undergraduate,UK,6.4,Facebook,Yes,6.2,5,Single,4,8,2
599,22,Female,Graduate,Italy,5.1,Twitter,No,7.1,7,In Relationship,2,5,0
600,19,Male,Undergraduate,Russia,6.7,Instagram,Yes,6.0,4,Single,4,8,2
601,24,Female,Graduate,China,5.5,WeChat,Yes,6.8,6,In Relationship,3,7,1
602,21,Male,Undergraduate,Japan,4.3,Twitter,No,7.6,8,Single,2,4,0
603,23,Female,Graduate,Poland,6.2,Instagram,Yes,6.4,5,Single,4,8,2
604,20,Male,Undergraduate,Finland,4.5,Facebook,No,7.4,7,In Relationship,2,5,0
605,22,Female,Graduate,Spain,6.3,TikTok,Yes,6.3,5,Single,4,8,2
606,19,Male,Undergraduate,Denmark,4.7,Instagram,No,7.2,7,In Relationship,2,5,0
607,24,Female,Graduate,Ireland,5.9,Twitter,Yes,6.6,6,Single,3,7,1
608,21,Male,Undergraduate,India,7.1,Facebook,Yes,5.7,4,Single,5,9,2
609,23,Female,Graduate,Switzerland,4.4,Instagram,No,7.4,7,In Relationship,2,5,0
610,20,Male,Undergraduate,Turkey,6.6,TikTok,Yes,6.2,5,Single,4,8,2
611,22,Female,Graduate,USA,5.4,Instagram,Yes,6.9,6,In Relationship,3,7,1
612,19,Male,Undergraduate,Mexico,6.5,Facebook,Yes,6.1,5,Single,4,8,2
613,24,Female,Graduate,France,4.8,Twitter,No,7.3,7,In Relationship,2,5,0
614,21,Male,Undergraduate,Canada,5.7,Instagram,Yes,6.7,6,Single,3,7,1
615,23,Female,Graduate,UK,6.1,TikTok,Yes,6.4,5,Single,4,8,2
616,20,Male,Undergraduate,Italy,4.6,Facebook,No,7.2,7,In Relationship,2,5,0
617,22,Female,Graduate,Russia,6.8,Instagram,Yes,5.9,4,Single,5,9,2
618,19,Male,Undergraduate,China,5.6,WeChat,Yes,6.8,6,In Relationship,3,7,1
619,24,Female,Graduate,Japan,4.2,Twitter,No,7.5,8,Single,2,4,0
620,21,Male,Undergraduate,Poland,6.3,TikTok,Yes,6.3,5,Single,4,8,2
621,23,Female,Graduate,Finland,4.4,Instagram,No,7.4,7,In Relationship,2,5,0
622,20,Male,Undergraduate,Spain,6.5,Facebook,Yes,6.2,5,Single,4,8,2
623,22,Female,Graduate,Denmark,4.6,Twitter,No,7.3,7,In Relationship,2,5,0
624,19,Male,Undergraduate,Ireland,5.8,Instagram,Yes,6.6,6,Single,3,7,1
625,24,Female,Graduate,India,7.0,TikTok,Yes,5.8,4,Single,5,9,2
626,21,Male,Undergraduate,Switzerland,4.5,Facebook,No,7.3,7,In Relationship,2,5,0
627,23,Female,Graduate,Turkey,6.7,Instagram,Yes,6.1,5,Single,4,8,2
628,20,Male,Undergraduate,USA,5.5,Twitter,Yes,6.8,6,In Relationship,3,7,1
629,22,Female,Graduate,Mexico,6.4,Facebook,Yes,6.2,5,Single,4,8,2
630,19,Male,Undergraduate,France,4.7,Instagram,No,7.2,7,In Relationship,2,5,0
631,24,Female,Graduate,Canada,5.6,TikTok,Yes,6.7,6,Single,3,7,1
632,21,Male,Undergraduate,UK,6.2,Facebook,Yes,6.3,5,Single,4,8,2
633,23,Female,Graduate,Italy,4.8,Twitter,No,7.1,7,In Relationship,2,5,0
634,20,Male,Undergraduate,Russia,6.9,Instagram,Yes,5.9,4,Single,5,9,2
635,22,Female,Graduate,China,5.7,WeChat,Yes,6.7,6,In Relationship,3,7,1
636,19,Male,Undergraduate,Japan,4.4,Twitter,No,7.4,8,Single,2,4,0
637,24,Female,Graduate,Poland,6.1,TikTok,Yes,6.4,5,Single,4,8,2
638,21,Male,Undergraduate,Finland,4.3,Instagram,No,7.5,7,In Relationship,2,5,0
639,23,Female,Graduate,Spain,6.4,Facebook,Yes,6.2,5,Single,4,8,2
640,20,Male,Undergraduate,Denmark,4.5,Twitter,No,7.3,7,In Relationship,2,5,0
641,22,Female,Graduate,Ireland,5.9,Instagram,Yes,6.5,6,Single,3,7,1
642,19,Male,Undergraduate,India,7.2,TikTok,Yes,5.7,4,Single,5,9,2
643,24,Female,Graduate,Switzerland,4.6,Facebook,No,7.2,7,In Relationship,2,5,0
644,21,Male,Undergraduate,Turkey,6.8,Instagram,Yes,6.0,5,Single,4,8,2
645,23,Female,Graduate,USA,5.3,Twitter,Yes,6.8,6,In Relationship,3,7,1
646,22,Male,Graduate,Mexico,6.3,Facebook,Yes,6.2,5,Single,4,8,2
647,20,Female,Undergraduate,France,4.8,Instagram,No,7.1,7,In Relationship,2,5,0
648,23,Male,Graduate,Canada,5.7,TikTok,Yes,6.6,6,Single,3,7,1
649,21,Female,Undergraduate,UK,6.2,Twitter,Yes,6.3,5,Single,4,8,2
650,24,Male,Graduate,Italy,4.7,Facebook,No,7.2,7,In Relationship,2,5,0
651,19,Female,Undergraduate,Russia,6.8,Instagram,Yes,5.9,4,Single,5,9,2
652,22,Male,Graduate,China,5.6,WeChat,Yes,6.7,6,In Relationship,3,7,1
653,20,Female,Undergraduate,Japan,4.3,Twitter,No,7.5,8,Single,2,4,0
654,23,Male,Graduate,Poland,6.2,TikTok,Yes,6.3,5,Single,4,8,2
655,21,Female,Undergraduate,Finland,4.4,Instagram,No,7.4,7,In Relationship,2,5,0
656,24,Male,Graduate,Spain,6.5,Facebook,Yes,6.1,5,Single,4,8,2
657,19,Female,Undergraduate,Denmark,4.6,Twitter,No,7.3,7,In Relationship,2,5,0
658,22,Male,Graduate,Ireland,5.8,Instagram,Yes,6.6,6,Single,3,7,1
659,20,Female,Undergraduate,India,7.1,TikTok,Yes,5.8,4,Single,5,9,2
660,23,Male,Graduate,Switzerland,4.5,Facebook,No,7.3,7,In Relationship,2,5,0
661,21,Female,Undergraduate,Turkey,6.7,Instagram,Yes,6.0,5,Single,4,8,2
662,24,Male,Graduate,USA,5.4,Twitter,Yes,6.8,6,In Relationship,3,7,1
663,19,Female,Undergraduate,Mexico,6.4,TikTok,Yes,6.2,5,Single,4,8,2
664,22,Male,Graduate,France,4.7,Facebook,No,7.2,7,In Relationship,2,5,0
665,20,Female,Undergraduate,Canada,5.6,Instagram,Yes,6.7,6,Single,3,7,1
666,23,Male,Graduate,UK,6.3,Twitter,Yes,6.2,5,Single,4,8,2
667,21,Female,Undergraduate,Italy,4.8,TikTok,No,7.1,7,In Relationship,2,5,0
668,24,Male,Graduate,Russia,6.9,Instagram,Yes,5.9,4,Single,5,9,2
669,19,Female,Undergraduate,China,5.7,WeChat,Yes,6.7,6,In Relationship,3,7,1
670,22,Male,Graduate,Japan,4.4,Twitter,No,7.4,8,Single,2,4,0
671,20,Female,Undergraduate,Poland,6.1,Facebook,Yes,6.4,5,Single,4,8,2
672,23,Male,Graduate,Finland,4.3,Instagram,No,7.5,7,In Relationship,2,5,0
673,21,Female,Undergraduate,Spain,6.4,TikTok,Yes,6.2,5,Single,4,8,2
674,24,Male,Graduate,Denmark,4.5,Twitter,No,7.3,7,In Relationship,2,5,0
675,19,Female,Undergraduate,Ireland,5.9,Instagram,Yes,6.5,6,Single,3,7,1
676,22,Male,Graduate,India,7.2,Facebook,Yes,5.7,4,Single,5,9,2
677,20,Female,Undergraduate,Switzerland,4.6,TikTok,No,7.2,7,In Relationship,2,5,0
678,23,Male,Graduate,Turkey,6.8,Instagram,Yes,6.0,5,Single,4,8,2
679,21,Female,Undergraduate,USA,5.3,Twitter,Yes,6.8,6,In Relationship,3,7,1
680,24,Male,Graduate,Mexico,6.2,Facebook,Yes,6.3,5,Single,4,8,2
681,19,Female,Undergraduate,France,4.7,Instagram,No,7.2,7,In Relationship,2,5,0
682,22,Male,Graduate,Canada,5.8,TikTok,Yes,6.6,6,Single,3,7,1
683,20,Female,Undergraduate,UK,6.1,Twitter,Yes,6.4,5,Single,4,8,2
684,23,Male,Graduate,Italy,4.8,Facebook,No,7.1,7,In Relationship,2,5,0
685,21,Female,Undergraduate,Russia,6.7,Instagram,Yes,6.0,4,Single,5,9,2
686,24,Male,Graduate,China,5.5,WeChat,Yes,6.8,6,In Relationship,3,7,1
687,19,Female,Undergraduate,Japan,4.2,Twitter,No,7.5,8,Single,2,4,0
688,22,Male,Graduate,Poland,6.3,TikTok,Yes,6.2,5,Single,4,8,2
689,20,Female,Undergraduate,Finland,4.4,Instagram,No,7.4,7,In Relationship,2,5,0
690,23,Male,Graduate,Spain,6.5,Facebook,Yes,6.1,5,Single,4,8,2
691,21,Female,Undergraduate,Denmark,4.6,Twitter,No,7.3,7,In Relationship,2,5,0
692,24,Male,Graduate,Ireland,5.9,Instagram,Yes,6.5,6,Single,3,7,1
693,19,Female,Undergraduate,India,7.0,TikTok,Yes,5.8,4,Single,5,9,2
694,22,Male,Graduate,Switzerland,4.5,Facebook,No,7.3,7,In Relationship,2,5,0
695,20,Female,Undergraduate,Turkey,6.6,Instagram,Yes,6.1,5,Single,4,8,2
696,23,Male,Graduate,USA,5.5,Twitter,Yes,6.7,6,In Relationship,3,7,1
697,21,Female,Undergraduate,Mexico,6.3,TikTok,Yes,6.2,5,Single,4,8,2
698,24,Male,Graduate,France,4.8,Facebook,No,7.1,7,In Relationship,2,5,0
699,19,Female,Undergraduate,Canada,5.7,Instagram,Yes,6.6,6,Single,3,7,1
700,22,Male,Graduate,UK,6.2,Twitter,Yes,6.3,5,Single,4,8,2
701,20,Female,Undergraduate,Italy,4.7,TikTok,No,7.2,7,In Relationship,2,5,0
702,23,Male,Graduate,Russia,6.8,Instagram,Yes,5.9,4,Single,5,9,2
703,21,Female,Undergraduate,China,5.6,WeChat,Yes,6.7,6,In Relationship,3,7,1
704,24,Male,Graduate,Japan,4.3,Twitter,No,7.5,8,Single,2,4,0
705,19,Female,Undergraduate,Poland,6.2,Facebook,Yes,6.3,5,Single,4,8,2
